,home,away,h2h_mean,media_goals_home,media_goals_away,goal_line_1,goal_line_2,type_gl,odds_gl
0,11226213,11222693,3.6666666666666665,3.0,1.8,4.0,4.0,1,1.775
1,11226213,11222693,3.6666666666666665,3.0,1.8,4.0,4.0,2,1.925
