,home,away,h2h_mean,media_goals_home,media_goals_away,goal_line_1,goal_line_2,type_gl,odds_gl
0,11254032,11262183,6.0,2.4166666666666665,2.75,5.5,5.5,1,1.800
1,11254032,11262183,6.0,2.4166666666666665,2.75,5.5,5.5,2,1.900
